We'll progress step-by-step, building your knowledge block by block. For each concept, I'll provide a clear definition, practical examples (using a consistent schema), and crucial "Key Points" that elevate your understanding from simply knowing what to do to understanding why and how to do it professionally.

Let's begin our journey!

Setting the Stage: Our Sample Database
To make our examples practical, we'll use a simple yet illustrative database schema. Please imagine these tables exist in our database:

-- Employees Table
CREATE TABLE Employees (
    EmployeeID INT PRIMARY KEY,
    FirstName VARCHAR(50) NOT NULL,
    LastName VARCHAR(50) NOT NULL,
    DepartmentID INT,
    Salary DECIMAL(10, 2),
    HireDate DATE,
    ManagerID INT -- For self-joins later
);

-- Departments Table
CREATE TABLE Departments (
    DepartmentID INT PRIMARY KEY,
    DepartmentName VARCHAR(50) NOT NULL,
    Location VARCHAR(50)
);

-- Project Assignments Table (for advanced joins/many-to-many)
CREATE TABLE ProjectAssignments (
    AssignmentID INT PRIMARY KEY,
    EmployeeID INT,
    ProjectName VARCHAR(100),
    HoursWorked INT
);

-- Let's populate some data for our examples
INSERT INTO Departments (DepartmentID, DepartmentName, Location) VALUES
(10, 'Sales', 'New York'),
(20, 'Marketing', 'Los Angeles'),
(30, 'Engineering', 'Seattle'),
(40, 'Human Resources', 'New York'),
(50, 'Finance', 'Chicago');

INSERT INTO Employees (EmployeeID, FirstName, LastName, DepartmentID, Salary, HireDate, ManagerID) VALUES
(1, 'Alice', 'Smith', 10, 75000.00, '2020-01-15', NULL), -- Alice is a top-level manager
(2, 'Bob', 'Johnson', 10, 60000.00, '2021-03-20', 1),
(3, 'Charlie', 'Brown', 20, 65000.00, '2019-07-01', 1),
(4, 'Diana', 'Prince', 30, 90000.00, '2018-11-10', 1),
(5, 'Eve', 'Adams', 30, 80000.00, '2022-02-28', 4), -- Eve reports to Diana
(6, 'Frank', 'Miller', 40, 55000.00, '2023-05-01', 1),
(7, 'Grace', 'Lee', 10, 70000.00, '2020-09-01', 2), -- Grace reports to Bob
(8, 'Henry', 'Wilson', NULL, 45000.00, '2023-10-10', 6); -- Henry is not yet assigned to a department

INSERT INTO ProjectAssignments (AssignmentID, EmployeeID, ProjectName, HoursWorked) VALUES
(101, 1, 'Project Alpha', 120),
(102, 2, 'Project Beta', 80),
(103, 4, 'Project Gamma', 160),
(104, 5, 'Project Gamma', 100),
(105, 7, 'Project Alpha', 90),
(106, 1, 'Project Delta', 50);

Phase 1: The Foundations - Retrieving and Filtering Data (Beginner)
  
1. What is SQL? What is an RDBMS?
Definition:
SQL (Structured Query Language): The standard language for managing and manipulating relational databases. It's how you talk to your database.
RDBMS (Relational Database Management System): The software that manages a relational database. It stores data in tables, where each table has rows (records) and columns (attributes), and these tables can be related to each other. Examples: MySQL, PostgreSQL, SQL Server, Oracle, SQLite.

Key Points:
SQL is declarative: You tell the database what you want, not necessarily how to get it. The RDBMS optimizes the execution.
Relational means data is stored in tables linked by common columns (keys), allowing for powerful data connections.
  
2. SELECT Statement - The Core of Data Retrieval
Definition: Used to retrieve data from one or more tables in a database. It's the most fundamental and frequently used SQL command.
Syntax:
SELECT column1, column2, ...
FROM TableName;
Or to get all columns:
SELECT *
FROM TableName;
Example:
-- Retrieve all columns for all employees
SELECT *
FROM Employees;

-- Retrieve specific columns (first name, last name, salary) for all employees
SELECT FirstName, LastName, Salary
FROM Employees;

-- Retrieve distinct department IDs
SELECT DISTINCT DepartmentID
FROM Employees;
Key Points:
SELECT * vs. Specific Columns: While SELECT * is convenient for exploration, always specify columns in production queries. It improves readability, reduces network traffic, and prevents issues if table schema changes.
DISTINCT: Removes duplicate rows based on the selected columns. Use it when you only care about unique values.
Column Aliases: You can rename columns in your output for better readability using AS. E.g., SELECT FirstName AS "First Name" FROM Employees;

3. WHERE Clause - Filtering Rows
Definition: Used to filter records, extracting only those that fulfill a specified condition. It's applied before any grouping or aggregation.
Syntax:
SELECT column1, column2, ...
FROM TableName
WHERE condition;
Example:
-- Employees earning more than $70,000
SELECT FirstName, LastName, Salary
FROM Employees
WHERE Salary > 70000.00;

-- Employees in Department 10
SELECT *
FROM Employees
WHERE DepartmentID = 10;

-- Employees hired after a specific date
SELECT FirstName, LastName, HireDate
FROM Employees
WHERE HireDate > '2022-01-01';

-- Using multiple conditions (AND, OR, NOT)
SELECT FirstName, LastName, DepartmentID, Salary
FROM Employees
WHERE DepartmentID = 30 AND Salary > 85000;

SELECT FirstName, LastName, DepartmentID
FROM Employees
WHERE DepartmentID = 10 OR DepartmentID = 20;

SELECT FirstName, LastName, DepartmentID
FROM Employees
WHERE NOT DepartmentID = 30; -- Employees not in Engineering

-- Using IN operator (for multiple discrete values)
SELECT FirstName, LastName, DepartmentID
FROM Employees
WHERE DepartmentID IN (10, 30);

-- Using BETWEEN operator (for a range)
SELECT FirstName, LastName, Salary
FROM Employees
WHERE Salary BETWEEN 60000 AND 80000;

-- Using LIKE operator (for pattern matching)
SELECT FirstName, LastName
FROM Employees
WHERE LastName LIKE 'S%'; -- Last names starting with 'S'

SELECT FirstName, LastName
FROM Employees
WHERE LastName LIKE '%n%'; -- Last names containing 'n'

-- Handling NULL values
SELECT FirstName, LastName, DepartmentID
FROM Employees
WHERE DepartmentID IS NULL; -- Employees without a department

SELECT FirstName, LastName, DepartmentID
FROM Employees
WHERE DepartmentID IS NOT NULL;
Key Points:
Performance: The WHERE clause is crucial for performance. Applying filters early reduces the number of rows the database has to process.
Indexing: Columns frequently used in WHERE clauses are excellent candidates for indexing to speed up queries (more on this later).
Order of Operations: AND has higher precedence than OR. Use parentheses () to clarify complex conditions.
  
4. ORDER BY Clause - Sorting Results
Definition: Used to sort the result-set of a query based on one or more columns in ascending (default) or descending order.
Syntax:
  
SELECT column1, column2,
FROM TableName
WHERE condition
ORDER BY column_name [ASC|DESC], another_column [ASC|DESC];
Example:
Sort employees by last name alphabetically
SELECT FirstName, LastName, Salary
FROM Employees
ORDER BY LastName ASC; -- ASC is default, can be omitted

-- Sort employees by salary, highest first
SELECT FirstName, LastName, Salary
FROM Employees
ORDER BY Salary DESC;

-- Sort by department ID, then by salary within each department (highest first)
SELECT FirstName, LastName, DepartmentID, Salary
FROM Employees
ORDER BY DepartmentID ASC, Salary DESC;
Key Points:
Multiple Sort Keys: You can specify multiple columns for sorting. The order matters (primary sort, then secondary, etc.).
Performance: Sorting can be an expensive operation, especially on large datasets. Indexes can help if sorting frequently occurs on indexed columns.
Nulls: How NULL values are sorted (ASC vs DESC, and position) can vary slightly between RDBMS, but generally, they appear at the beginning or end.
  
5. LIMIT / TOP / FETCH - Limiting Result Sets
Definition: Used to restrict the number of rows returned by a query. Useful for pagination or just getting a sample. Syntax varies by RDBMS.
Syntax (Common Variations):
MySQL, PostgreSQL, SQLite:
SELECT ... FROM TableName LIMIT number [OFFSET offset_number];
SQL Server:
SELECT TOP number ... FROM TableName;
SELECT ... FROM TableName ORDER BY ... OFFSET offset_number ROWS FETCH NEXT number ROWS ONLY; -- For pagination
Oracle:
SELECT ... FROM TableName FETCH FIRST number ROWS ONLY;
SELECT ... FROM TableName OFFSET offset_number ROWS FETCH NEXT number ROWS ONLY; -- For pagination
Example (Using LIMIT as it's common):
-- Get the top 3 highest-paid employees
SELECT FirstName, LastName, Salary
FROM Employees
ORDER BY Salary DESC
LIMIT 3;

-- Get the next 3 highest-paid employees (e.g., for page 2, if page size is 3)
SELECT FirstName, LastName, Salary
FROM Employees
ORDER BY Salary DESC
LIMIT 3 OFFSET 3; -- Skip first 3, get next 3
Key Points:
Pagination: LIMIT with OFFSET (or OFFSET/FETCH NEXT) is essential for building paginated interfaces.
ORDER BY is Crucial: Without ORDER BY, LIMIT just returns any N rows, which can be inconsistent. Always use ORDER BY with LIMIT to ensure a meaningful result.
Database Specifics: Be aware of the syntax differences between databases.
  
Phase 2: Data Manipulation Language (DML) - Changing Data (Intermediate)
  
6. INSERT Statement - Adding New Data
Definition: Used to add new rows of data into a table.
Syntax:
-- Inserting all columns
INSERT INTO TableName (column1, column2, ...)
VALUES (value1, value2, ...);

-- Inserting with specific columns (others will be NULL or default)
INSERT INTO TableName (column1, column3)
VALUES (value1, value3);
Example:
-- Add a new employee, specifying all columns
INSERT INTO Employees (EmployeeID, FirstName, LastName, DepartmentID, Salary, HireDate, ManagerID)
VALUES (9, 'Michael', 'Scott', 40, 60000.00, '2024-01-01', 6);

-- Add a new department, letting location default or be NULL
INSERT INTO Departments (DepartmentID, DepartmentName)
VALUES (60, 'Research');
Key Points:
Column Order: If you omit the column list, you must provide values for all columns in the exact order they are defined in the table. It's safer to always specify the column list.
Data Types: Ensure the values you insert match the data types of the columns.
NOT NULL Constraints: You cannot insert NULL into columns defined as NOT NULL without providing a value.
Auto-incrementing IDs: For columns like EmployeeID (if defined as AUTO_INCREMENT or IDENTITY), you often omit them from the INSERT statement, and the database generates a value automatically.

7. UPDATE Statement - Modifying Existing Data
Definition: Used to modify existing records in a table.
Syntax:
UPDATE TableName
SET column1 = new_value1, column2 = new_value2, ...
WHERE condition;
Example:
-- Give Alice a raise
UPDATE Employees
SET Salary = 80000.00
WHERE EmployeeID = 1;

-- Change the location of the Sales department
UPDATE Departments
SET Location = 'Boston'
WHERE DepartmentName = 'Sales';

-- Update multiple columns
UPDATE Employees
SET DepartmentID = 50, Salary = 70000.00
WHERE EmployeeID = 8;
Key Points:
THE WHERE CLAUSE IS CRITICAL! If you omit the WHERE clause, all rows in the table will be updated. This is a common and destructive mistake.
Test Your WHERE: Before running an UPDATE statement, it's a good practice to run a SELECT statement with the same WHERE clause to verify you're targeting the correct rows: SELECT * FROM Employees WHERE EmployeeID = 1;
Transactions: For critical updates, wrap them in a transaction (BEGIN TRANSACTION, COMMIT, ROLLBACK) to provide an undo mechanism (more on this later).
8. DELETE Statement - Removing Data
Definition: Used to remove existing rows from a table.
Syntax:
DELETE FROM TableName
WHERE condition;
Example:
-- Remove the employee named 'Henry Wilson'
DELETE FROM Employees
WHERE EmployeeID = 8;

-- Remove the 'Research' department
DELETE FROM Departments
WHERE DepartmentName = 'Research';
Key Points:
THE WHERE CLAUSE IS CRITICAL! Just like with UPDATE, omitting the WHERE clause will delete all rows from the table.
Test Your WHERE: Always SELECT first to confirm the rows you intend to delete.
TRUNCATE TABLE vs. DELETE FROM TableName (without WHERE):
DELETE (without WHERE): Removes all rows, but logs each row deletion (slower on large tables), can be rolled back. Resets auto-increment if IDENTITY_INSERT is off.
TRUNCATE: Quickly removes all rows, often by deallocating entire data pages (much faster), typically cannot be rolled back (though some RDBMS support it), and resets auto-incrementing IDs. It's DDL, not DML. Use with extreme caution.
Referential Integrity: If you try to delete a row that is referenced by a foreign key in another table, the operation might fail (depending on ON DELETE rules).

Phase 3: Aggregation and Grouping - Summarizing Data (Intermediate)
  
9. Aggregate Functions - Summarizing Data
Definition: Functions that perform a calculation on a set of values and return a single value. They are often used with GROUP BY.
COUNT(): Number of rows/values.
SUM(): Sum of values.
AVG(): Average of values.
MIN(): Smallest value.
MAX(): Largest value.
Syntax:
SELECT AggregateFunction(column_name)
FROM TableName;
Example:
-- Total number of employees
SELECT COUNT(EmployeeID) AS TotalEmployees
FROM Employees;

-- Total salary paid across all employees
SELECT SUM(Salary) AS TotalPayroll
FROM Employees;

-- Average salary
SELECT AVG(Salary) AS AverageSalary
FROM Employees;

-- Highest and lowest salary
SELECT MAX(Salary) AS MaxSalary, MIN(Salary) AS MinSalary
FROM Employees;

-- Count of unique department IDs
SELECT COUNT(DISTINCT DepartmentID) AS NumberOfDepartments
FROM Employees;
Key Points:
NULL Values: Aggregate functions generally ignore NULL values (e.g., AVG won't count NULLs in its divisor). COUNT(*) counts all rows including those with NULLs, while COUNT(column_name) only counts non-NULL values in that column.
DISTINCT with Aggregates: You can use DISTINCT inside COUNT, SUM, AVG to operate on unique values (e.g., COUNT(DISTINCT DepartmentID)).
  
10. GROUP BY Clause - Grouping Rows
Definition: Used in conjunction with aggregate functions to group rows that have the same values in specified columns into summary rows.
Syntax:
SELECT column1, AggregateFunction(column2)
FROM TableName
GROUP BY column1;
Example:
-- Count employees in each department
SELECT DepartmentID, COUNT(EmployeeID) AS NumberOfEmployees
FROM Employees
GROUP BY DepartmentID;

-- Average salary per department
SELECT DepartmentID, AVG(Salary) AS AverageDepartmentSalary
FROM Employees
GROUP BY DepartmentID
ORDER BY DepartmentID;

-- Total hours worked per project
SELECT ProjectName, SUM(HoursWorked) AS TotalHours
FROM ProjectAssignments
GROUP BY ProjectName;
Key Points:
SELECT List Rule: Any column in the SELECT list that is not an aggregate function must be included in the GROUP BY clause. This ensures that for each group, the non-aggregated columns have a single, unambiguous value.
Handling NULLs: NULL values in the GROUP BY column form their own group.
Order: GROUP BY happens before ORDER BY.
  
11. HAVING Clause - Filtering Groups
Definition: Used to filter the groups created by the GROUP BY clause. It's applied after GROUP BY and aggregate functions have been calculated.
Syntax:
SELECT column1, AggregateFunction(column2)
FROM TableName
GROUP BY column1
HAVING AggregateFunction(column2) condition;
Example:
-- Departments with more than 2 employees
SELECT DepartmentID, COUNT(EmployeeID) AS NumberOfEmployees
FROM Employees
GROUP BY DepartmentID
HAVING COUNT(EmployeeID) > 2;

-- Departments where the average salary is above $70,000
SELECT DepartmentID, AVG(Salary) AS AverageSalary
FROM Employees
GROUP BY DepartmentID
HAVING AVG(Salary) > 70000;
Key Points:
WHERE vs. HAVING:
WHERE filters individual rows before grouping. It cannot use aggregate functions directly.
HAVING filters groups after grouping. It must use aggregate functions (or columns from the GROUP BY clause).
Execution Order: FROM -> WHERE -> GROUP BY -> HAVING -> SELECT -> ORDER BY. Understanding this order is crucial for complex queries.
  
Phase 4: Multi-Table Operations - Joining Data (Intermediate to Advanced)
12. JOINs - Combining Data from Multiple Tables
Definition: Used to combine rows from two or more tables based on a related column between them. This is the cornerstone of relational databases.

Types:

INNER JOIN: Returns only the rows where there is a match in both tables.
LEFT JOIN (or LEFT OUTER JOIN): Returns all rows from the left table, and the matching rows from the right table. If there's no match on the right, NULLs are returned for the right table's columns.
RIGHT JOIN (or RIGHT OUTER JOIN): Returns all rows from the right table, and the matching rows from the left table. If no match, NULLs for left table columns. (Less common, usually rewritten as a LEFT JOIN).
FULL JOIN (or FULL OUTER JOIN): Returns all rows when there is a match in either left or right table. If no match, NULLs are returned for the table that has no match.
CROSS JOIN: Returns the Cartesian product of the two tables (every row from the first table combined with every row from the second table). Rarely used intentionally.
Syntax:

SELECT column_list
FROM TableA
JOIN_TYPE TableB ON TableA.common_column = TableB.common_column;
Example:

INNER JOIN: Get employees with their department names.

SELECT E.FirstName, E.LastName, D.DepartmentName
FROM Employees AS E
INNER JOIN Departments AS D ON E.DepartmentID = D.DepartmentID;
Output: Alice (Sales), Bob (Sales), Charlie (Marketing), Diana (Engineering), Eve (Engineering), Frank (Human Resources), Grace (Sales). (Henry is excluded because he has no department)

LEFT JOIN: Get all employees, and their department names if they have one.

SELECT E.FirstName, E.LastName, D.DepartmentName
FROM Employees AS E
LEFT JOIN Departments AS D ON E.DepartmentID = D.DepartmentID;
Output: Includes all from INNER JOIN, PLUS Henry Wilson with a NULL DepartmentName.

RIGHT JOIN: Get all departments, and any employees in them.

SELECT D.DepartmentName, E.FirstName, E.LastName
FROM Employees AS E
RIGHT JOIN Departments AS D ON E.DepartmentID = D.DepartmentID;
Output: Includes all from INNER JOIN, PLUS Finance and Engineering (if no employees in them, though in our data Engineering has employees). Note: Often easier to think of and rewrite as LEFT JOIN.

FULL OUTER JOIN (Syntax might vary; not supported in MySQL directly without UNION):

-- Conceptually:
SELECT E.FirstName, E.LastName, D.DepartmentName
FROM Employees AS E
FULL OUTER JOIN Departments AS D ON E.DepartmentID = D.DepartmentID;
Output: Includes all from LEFT JOIN, PLUS any departments without employees (e.g., Finance) with NULL Employee names.

SELF JOIN: Find employees and their managers.

SELECT
    E.FirstName AS EmployeeFirstName,
    E.LastName AS EmployeeLastName,
    M.FirstName AS ManagerFirstName,
    M.LastName AS ManagerLastName
FROM Employees AS E
INNER JOIN Employees AS M ON E.ManagerID = M.EmployeeID;
Output: Bob managed by Alice, Charlie managed by Alice, Diana managed by Alice, Eve managed by Diana, Frank managed by Alice, Grace managed by Bob.

Key Points:

Aliases: Always use table aliases (e.g., E for Employees, D for Departments) in JOINs to make queries more readable and less ambiguous.
Join Conditions (ON vs. WHERE): The ON clause specifies how tables are related before filtering. WHERE filters the result after the join. For LEFT/RIGHT/FULL joins, moving a condition from ON to WHERE can drastically change the result.
Choosing the Right Join: Understand what data you want: only matching (INNER), all from left/right (OUTER), or all from both (FULL OUTER).
Performance: JOIN operations can be expensive. Ensure join columns are indexed for optimal performance.
  
Phase 5: Advanced Data Retrieval - Subqueries & CTEs (Advanced)
  
13. Subqueries (Nested Queries)
Definition: A query nested inside another SQL query. It can be used in SELECT, FROM, WHERE, and HAVING clauses.
Types:
Scalar Subquery: Returns a single value (one row, one column). Can be used anywhere a single value is expected.
Row Subquery: Returns a single row (multiple columns). Can be used in WHERE clauses with row constructors.
Table Subquery: Returns an entire table (multiple rows, multiple columns). Often used in the FROM clause (derived table) or with IN/EXISTS.
Syntax (General Examples):
-- Scalar subquery in SELECT
SELECT EmployeeID, Salary, (SELECT AVG(Salary) FROM Employees) AS OverallAvgSalary
FROM Employees;

-- Table subquery in FROM (Derived Table)
SELECT D.DepartmentName, EmpCount.NumberOfEmployees
FROM Departments AS D
INNER JOIN (
    SELECT DepartmentID, COUNT(EmployeeID) AS NumberOfEmployees
    FROM Employees
    GROUP BY DepartmentID
) AS EmpCount ON D.DepartmentID = EmpCount.DepartmentID;

-- Subquery in WHERE with IN
SELECT FirstName, LastName
FROM Employees
WHERE DepartmentID IN (SELECT DepartmentID FROM Departments WHERE Location = 'New York');

-- Subquery in WHERE with EXISTS
SELECT DepartmentName
FROM Departments AS D
WHERE EXISTS (SELECT 1 FROM Employees AS E WHERE E.DepartmentID = D.DepartmentID AND E.Salary > 80000);
Example (Scalar Subquery):
-- Find employees whose salary is above the average salary
SELECT FirstName, LastName, Salary
FROM Employees
WHERE Salary > (SELECT AVG(Salary) FROM Employees);
Example (Table Subquery in FROM):
-- List departments and the number of employees, including departments with no employees
SELECT
    D.DepartmentName,
    COALESCE(DeptCounts.EmployeeCount, 0) AS NumberOfEmployees
FROM Departments AS D
LEFT JOIN (
    SELECT DepartmentID, COUNT(EmployeeID) AS EmployeeCount
    FROM Employees
    GROUP BY DepartmentID
) AS DeptCounts ON D.DepartmentID = DeptCounts.DepartmentID
ORDER BY D.DepartmentName;
Key Points:
Readability: Subqueries can become hard to read when deeply nested.
Performance: Sometimes subqueries can be less performant than JOINs, especially if the inner query is executed for every row of the outer query. However, modern optimizers often handle them well.
Correlated Subqueries: A subquery that depends on the outer query (e.g., WHERE EXISTS (SELECT 1 FROM Employees E WHERE E.DeptID = D.DeptID)). These can be powerful but often performance-intensive.

  14. Common Table Expressions (CTEs) - WITH Clause
Definition: A temporary, named result set that you can reference within a single SQL statement (e.g., SELECT, INSERT, UPDATE, DELETE). They improve readability and modularity of complex queries.
Syntax:
WITH CTE_Name (column1, column2, ...) AS (
    -- Your subquery/logic here
    SELECT ...
    FROM ...
    WHERE ...
),
Another_CTE_Name AS (
    -- Another CTE, can reference CTE_Name
    SELECT ...
    FROM CTE_Name
    WHERE ...
)
-- Main query referencing one or more CTEs
SELECT ...
FROM CTE_Name
INNER JOIN Another_CTE_Name ON ...;
Example (Revisiting average salary example):
WITH AverageSalaryCTE AS (
    SELECT AVG(Salary) AS OverallAvgSalary
    FROM Employees
)
SELECT E.FirstName, E.LastName, E.Salary, ASC.OverallAvgSalary
FROM Employees AS E, AverageSalaryCTE AS ASC
WHERE E.Salary > ASC.OverallAvgSalary;
Example (Using CTE for department employee counts, clearer than subquery in FROM):
WITH DepartmentEmployeeCounts AS (
    SELECT DepartmentID, COUNT(EmployeeID) AS EmployeeCount
    FROM Employees
    GROUP BY DepartmentID
)
SELECT
    D.DepartmentName,
    COALESCE(DEC.EmployeeCount, 0) AS NumberOfEmployees
FROM Departments AS D
LEFT JOIN DepartmentEmployeeCounts AS DEC ON D.DepartmentID = DEC.DepartmentID
ORDER BY D.DepartmentName;
Key Points:
Readability: CTEs break down complex queries into logical, named steps, making them much easier to understand and debug.
Reusability: A CTE can be referenced multiple times within the same main query, avoiding redundant code.
Recursion: CTEs are fundamental for recursive queries (e.g., traversing organizational hierarchies, bill of materials). This is an advanced topic.
Performance: CTEs are often "syntactic sugar" – the optimizer usually treats them like subqueries. However, for complex queries, the clarity often leads to more efficient query construction.

Phase 6: Data Definition Language (DDL) - Structuring the Database (Advanced)

15. CREATE TABLE - Defining Data Structure
Definition: Used to create a new table in the database. You define the table name, column names, data types, and constraints.
Syntax:
CREATE TABLE TableName (
    Column1 DataType [CONSTRAINT],
    Column2 DataType [CONSTRAINT],
    ...
    [PRIMARY KEY (Column1)],
    [FOREIGN KEY (ColumnX) REFERENCES OtherTable(OtherColumn)],
    [CONSTRAINT ConstraintName CHECK (condition)]
);
Example (Our Employees table revisited):
CREATE TABLE Employees (
    EmployeeID INT PRIMARY KEY,                       -- Primary Key
    FirstName VARCHAR(50) NOT NULL,                   -- Not Null
    LastName VARCHAR(50) NOT NULL,
    DepartmentID INT,
    Salary DECIMAL(10, 2) CHECK (Salary >= 0),        -- Check constraint
    HireDate DATE DEFAULT CURRENT_DATE,               -- Default value
    ManagerID INT,
    CONSTRAINT FK_Employee_Department FOREIGN KEY (DepartmentID)
        REFERENCES Departments(DepartmentID)
        ON DELETE SET NULL, -- Action on delete of parent
    CONSTRAINT FK_Employee_Manager FOREIGN KEY (ManagerID)
        REFERENCES Employees(EmployeeID) -- Self-referencing FK
        ON DELETE NO ACTION
);
Key Points:
Data Types: Choose appropriate data types (e.g., INT, VARCHAR, DATE, DECIMAL, BOOLEAN) to efficiently store data and enforce data integrity.
Constraints: Crucial for data integrity:
PRIMARY KEY: Uniquely identifies each row; cannot be NULL. A table can have only one.
FOREIGN KEY: Links a column (or columns) in one table to the primary key in another table, enforcing referential integrity. Prevents orphaned records.
NOT NULL: Ensures a column cannot contain NULL values.
UNIQUE: Ensures all values in a column are different (allows one NULL).
CHECK: Ensures all values in a column satisfy a specific condition.
DEFAULT: Provides a default value for a column if none is specified during INSERT.
ON DELETE/ON UPDATE: For FOREIGN KEYs, specifies actions when the referenced (parent) row is deleted/updated: CASCADE, SET NULL, RESTRICT (default), NO ACTION.

16. ALTER TABLE - Modifying Table Structure
Definition: Used to add, delete, or modify columns in an existing table. It can also be used to add or drop constraints.
Syntax:
ALTER TABLE TableName
ADD COLUMN NewColumn DataType;

ALTER TABLE TableName
DROP COLUMN OldColumn;

ALTER TABLE TableName
MODIFY COLUMN ExistingColumn NewDataType; -- Syntax varies (e.g., ALTER COLUMN in SQL Server)

ALTER TABLE TableName
ADD CONSTRAINT ...;

ALTER TABLE TableName
DROP CONSTRAINT ...;
Example:
-- Add an 'Email' column to Employees
ALTER TABLE Employees
ADD COLUMN Email VARCHAR(100) UNIQUE;

-- Drop the 'Location' column from Departments
ALTER TABLE Departments
DROP COLUMN Location;

-- Modify a column's data type (syntax varies)
-- PostgreSQL:
-- ALTER TABLE Employees ALTER COLUMN FirstName TYPE VARCHAR(75);
-- SQL Server:
-- ALTER TABLE Employees ALTER COLUMN FirstName VARCHAR(75);
Key Points:
Impact: ALTER TABLE operations can be costly on large tables, especially DROP COLUMN or changing data types, as they might require rebuilding the table.
Data Loss: Dropping a column will permanently delete all data in that column. Modifying data types can lead to data truncation if the new type is smaller.
Downtime: Such operations might require downtime or be performed during maintenance windows, depending on the RDBMS and table size.

17. DROP TABLE - Deleting Tables
Definition: Used to delete an existing table and all its data, indexes, triggers, and constraints.
Syntax:
DROP TABLE TableName;
Example:
DROP TABLE ProjectAssignments;
Key Points:
Irreversible: This operation is usually irreversible (without backups).
Referential Integrity: You cannot drop a table if other tables have FOREIGN KEY constraints referencing it, unless you first drop the dependent constraints or use CASCADE (if supported and enabled).

18. CREATE INDEX - Speeding Up Data Access
Definition: An index is a special lookup table that the database search engine can use to speed up data retrieval. Think of it like an index in a book.
Syntax:
CREATE [UNIQUE] INDEX IndexName
ON TableName (Column1, Column2, ...);
Example:
-- Create an index on LastName for faster lookups
CREATE INDEX IX_Employees_LastName ON Employees (LastName);

-- Create a composite index for queries filtering by DepartmentID and then sorting by Salary
CREATE INDEX IX_Employees_Dept_Salary ON Employees (DepartmentID, Salary DESC);
Key Points:
Performance Gain: Greatly speeds up SELECT queries, especially those with WHERE, JOIN, ORDER BY, GROUP BY on indexed columns.
Performance Cost: Indexes consume disk space and add overhead to INSERT, UPDATE, and DELETE operations (because the index also needs to be updated).
PRIMARY KEY and UNIQUE: These constraints automatically create indexes (usually clustered for PK, non-clustered for UNIQUE).
Indexing Strategy: Don't over-index. Analyze query patterns to decide which columns benefit most. Use EXPLAIN (or EXPLAIN ANALYZE in PostgreSQL) to see if your indexes are being used.

Phase 7: Advanced Concepts - Control & Optimization (Advanced)

19. Views
Definition: A virtual table based on the result-set of a SQL query. A view contains rows and columns, just like a real table, but it doesn't store data itself.
Syntax:
CREATE VIEW ViewName AS
SELECT column1, column2, ...
FROM TableName
WHERE condition;
Example:
-- Create a view for high-earning employees
CREATE VIEW HighEarningEmployees AS
SELECT E.FirstName, E.LastName, E.Salary, D.DepartmentName
FROM Employees AS E
INNER JOIN Departments AS D ON E.DepartmentID = D.DepartmentID
WHERE E.Salary > 70000;

-- Now query the view like a table
SELECT *
FROM HighEarningEmployees
WHERE DepartmentName = 'Sales';
Key Points:
Simplification: Complex queries can be encapsulated in a view, making it easier for users or applications to query.
Security: You can grant access to specific columns/rows via a view without giving direct access to the underlying tables.
Data Abstraction: If the underlying table structure changes, you might only need to update the view, not all applications using the data.
Updatable Views: Some views (especially simple ones based on a single table) can be updated, inserted into, or deleted from. Complex views usually cannot.
Performance: Views themselves don't usually improve performance directly; the query optimizer simply expands the view's definition. Materialized views (specific to some RDBMS) do store data and can improve performance.

20. Transactions - Ensuring Data Integrity (ACID)
Definition: A sequence of operations performed as a single logical unit of work. Transactions ensure data integrity by adhering to ACID properties:
Atomicity: All operations in a transaction either complete successfully (commit) or none do (rollback).
Consistency: A transaction brings the database from one valid state to another.
Isolation: Concurrent transactions don't interfere with each other.
Durability: Once a transaction is committed, its changes are permanent, even in case of system failure.
Syntax (General):
BEGIN TRANSACTION; -- or START TRANSACTION
-- SQL statements (INSERT, UPDATE, DELETE)

-- If everything is successful
COMMIT;

-- If something goes wrong
ROLLBACK;
Example:
BEGIN TRANSACTION;

-- Transfer $1000 from Employee 1's salary to Employee 2's
UPDATE Employees
SET Salary = Salary - 1000
WHERE EmployeeID = 1;

UPDATE Employees
SET Salary = Salary + 1000
WHERE EmployeeID = 2;

-- Let's say a check here detects an error (e.g., negative salary for employee 1)
-- IF (SELECT Salary FROM Employees WHERE EmployeeID = 1) < 0 THEN
--     ROLLBACK;
-- ELSE
        COMMIT;
-- END IF;
Key Points:
Critical Operations: Essential for multi-step operations where all steps must succeed or fail together (e.g., financial transfers).
Concurrency Control: RDBMS use locking mechanisms to manage concurrent transactions and ensure isolation.
ROLLBACK: Your safety net. Allows you to undo changes if something goes wrong.
Transaction Scope: Keep transactions as short as possible to minimize resource locking and improve concurrency.

21. Window Functions (Analytical Functions)
Definition: Perform a calculation across a set of table rows that are somehow related to the current row. Unlike aggregate functions, window functions don't collapse rows; they return a value for each row.
Syntax:
Function_Name(column) OVER (
    [PARTITION BY column1, column2, ...]
    [ORDER BY column3, column4, ...]
    [ROWS/RANGE BETWEEN ...]
)
Common Functions:
Ranking: ROW_NUMBER(), RANK(), DENSE_RANK(), NTILE()
Value: LAG(), LEAD(), FIRST_VALUE(), LAST_VALUE()
Aggregate: SUM(), AVG(), COUNT() (used as window functions, e.g., SUM(Salary) OVER (PARTITION BY DepartmentID))
Example (Ranking):
-- Rank employees by salary within each department
SELECT
    FirstName,
    LastName,
    DepartmentID,
    Salary,
    RANK() OVER (PARTITION BY DepartmentID ORDER BY Salary DESC) AS DeptSalaryRank,
    ROW_NUMBER() OVER (PARTITION BY DepartmentID ORDER BY Salary DESC) AS DeptRowNumber
FROM Employees;
Example (Running Total):
-- Calculate a running total of salary by hire date
SELECT
    FirstName,
    LastName,
    HireDate,
    Salary,
    SUM(Salary) OVER (ORDER BY HireDate) AS RunningTotalSalary
FROM Employees
ORDER BY HireDate;
Key Points:
PARTITION BY: Divides the result set into partitions (like GROUP BY), and the window function operates independently within each partition.
ORDER BY (within OVER): Defines the order of rows within each partition, which is crucial for ranking, running totals, LAG/LEAD.
ROWS/RANGE: Further refines the "window frame" (the set of rows the function operates on within the partition). E.g., ROWS BETWEEN UNBOUNDED PRECEDING AND CURRENT ROW for running totals.
Powerful: Window functions solve many complex analytical problems that would be extremely difficult or inefficient with standard GROUP BY and subqueries. They are a hallmark of advanced SQL.

22. Performance Tuning (Advanced)
Definition: The process of optimizing database queries and schema to improve response times, reduce resource consumption, and enhance scalability.
Key Techniques:
EXPLAIN (or EXPLAIN ANALYZE / SET SHOWPLAN_ALL): The single most important tool. It shows the query execution plan (how the database intends to run your query). Understand how to read this output.
EXPLAIN SELECT E.FirstName, D.DepartmentName
FROM Employees AS E
INNER JOIN Departments AS D ON E.DepartmentID = D.DepartmentID
WHERE E.Salary > 70000;
Indexing: Proper use of single-column and composite indexes (as discussed in DDL).
Query Rewriting:
Avoid SELECT *.
Use JOINs over subqueries where performance benefits.
Avoid functions on indexed columns in WHERE clauses (e.g., WHERE YEAR(HireDate) = 2020 prevents index usage on HireDate).
Use EXISTS or NOT EXISTS over IN or NOT IN for subqueries, especially with large result sets.
Be mindful of OR clauses in WHERE (can prevent index usage).
Schema Optimization: Normalization vs. Denormalization (balancing data integrity vs. read performance). Choosing appropriate data types.
Hardware & Configuration: Server resources (CPU, RAM, Disk I/O), database configuration parameters.
Key Points:
Bottlenecks: Identify where the query spends most of its time (e.g., full table scans, large sorts, inefficient joins).
Measure, Don't Guess: Always measure query performance before and after changes.
Iterative Process: Performance tuning is rarely a one-time fix; it's an ongoing process as data grows and query patterns change.
Conclusion: Your SQL Journey Continues!
You've now walked through a comprehensive path, from the absolute basics of SELECT to the intricacies of JOINs, CTEs, Window Functions, and Transactions. This is a solid foundation, but the world of SQL is vast and ever-evolving.

Your next steps as a professional:

Practice, Practice, Practice: The best way to learn is by doing. Set up a local database, create tables, insert data, and try out every single concept we discussed.
Explore Your RDBMS: Each RDBMS (PostgreSQL, MySQL, SQL Server, Oracle) has its own nuances, specific functions, and advanced features (e.g., JSON support, full-text search, stored procedures, triggers). Dive into the documentation.
Understand Data Modeling: Good SQL starts with good database design. Learn about normalization forms (1NF, 2NF, 3NF, BCNF) and their practical implications.
Version Control: Treat your SQL scripts like application code. Use Git or similar tools to manage changes.
Stay Curious: The data landscape is always changing. Keep learning about new SQL features, cloud databases, data warehousing concepts (ETL, OLAP), and the interaction between SQL and other data technologies.
Remember, SQL is not just a language; it's a way of thinking about data. Master it, and you unlock immense power to understand, analyze, and shape the information that drives our world.

Keep querying, and never stop learning!
